{
  "indexes": [
    {
      "collectionGroup": "tables",
      "queryScope": "COLLECTION",
      "fields": [
        { "fieldPath": "barId", "order": "ASCENDING" },
        { "fieldPath": "number", "order": "ASCENDING" },
        { "fieldPath": "__name__", "order": "ASCENDING" }
      ]
    },
    {
      "collectionGroup": "reservations",
      "queryScope": "COLLECTION",
      "fields": [
        { "fieldPath": "barId", "order": "ASCENDING" },
        { "fieldPath": "reservationDate", "order": "ASCENDING" },
        { "fieldPath": "reservationTime", "order": "ASCENDING" },
        { "fieldPath": "__name__", "order": "ASCENDING" }
      ]
    },
    {
      "collectionGroup": "reservations",
      "queryScope": "COLLECTION",
      "fields": [
        { "fieldPath": "status", "order": "ASCENDING" },
        { "fieldPath": "tableId", "order": "ASCENDING" },
        { "fieldPath": "reservationDate", "order": "ASCENDING" },
        { "fieldPath": "__name__", "order": "ASCENDING" }
      ]
    }
  ],
  "fieldOverrides": []
}