{
  "framework": "nextjs",
  "buildCommand": "npm run build",
  "devCommand": "npm run dev",
  "installCommand": "npm install",
  "outputDirectory": ".next",
  "headers": [
    {
      "source": "/mesa",
      "headers": [
        {
          "key": "Cache-Control",
          "value": "no-store, no-cache, must-revalidate, proxy-revalidate"
        },
        {
          "key": "Pragma",
          "value": "no-cache"
        },
        {
          "key": "Expires",
          "value": "0"
        }
      ]
    },
    {
      "source": "/reservar/(.*)",
      "headers": [
        {
          "key": "Cache-Control",
          "value": "no-store, no-cache, must-revalidate, proxy-revalidate"
        },
        {
          "key": "Pragma",
          "value": "no-cache"
        },
        {
          "key": "Expires",
          "value": "0"
        }
      ]
    },
    {
      "source": "/admin/(.*)",
      "headers": [
        {
          "key": "Cache-Control",
          "value": "no-store, no-cache, must-revalidate, proxy-revalidate"
        },
        {
          "key": "Pragma",
          "value": "no-cache"
        },
        {
          "key": "Expires",
          "value": "0"
        }
      ]
    }
  ],
  "rewrites": [
    {
      "source": "/sw.js",
      "destination": "/sw.js"
    }
  ]
}
